{
  "buckets": {
    "no_normal_18-25": {
      "p10": -0.3450974373696208,
      "p50": -0.15030919603454374,
      "p90": 0.6444424348080645,
      "p95": 1.454548215664306,
      "count": 8
    },
    "no_normal_26-35": {
      "p10": -0.12282696205932098,
      "p50": -0.08709362109975771,
      "p90": 0.030355504513804032,
      "p95": 0.03767485792292236,
      "count": 7
    },
    "no_normal_36-50": {
      "p10": -0.05243659275044266,
      "p50": 0.024769739174666405,
      "p90": 0.05351936819020756,
      "p95": 0.07172516057583544,
      "count": 8
    },
    "no_normal_50+": {
      "p10": -0.15297239361957793,
      "p50": -0.08651363445061833,
      "p90": 0.3518829743875571,
      "p95": 0.5574769529153718,
      "count": 6
    },
    "no_obese_18-25": {
      "p10": -0.4212111240227068,
      "p50": -0.1826056288333211,
      "p90": 1.6894350782541672,
      "p95": 1.724405514661107,
      "count": 16
    },
    "no_obese_26-35": {
      "p10": -0.20133917792531938,
      "p50": -0.13713001469806008,
      "p90": -0.038370604392305684,
      "p95": 1.1305077411358058,
      "count": 22
    },
    "no_obese_36-50": {
      "p10": -0.13978971031289777,
      "p50": -0.05877635278670379,
      "p90": 0.3534901393439789,
      "p95": 0.7584012151565709,
      "count": 16
    },
    "no_obese_50+": {
      "p10": -0.14957612562064213,
      "p50": -0.05452552905922836,
      "p90": 0.5700648835777044,
      "p95": 0.7579222199107645,
      "count": 32
    },
    "no_overweight_18-25": {
      "p10": -0.3656876124940293,
      "p50": -0.29189643748294714,
      "p90": -0.17070966296315504,
      "p95": -0.16078943879466492,
      "count": 7
    },
    "no_overweight_26-35": {
      "p10": -0.20485115136866677,
      "p50": -0.15420813626254137,
      "p90": 0.33653056608573856,
      "p95": 0.7434170794983224,
      "count": 8
    },
    "no_overweight_36-50": {
      "p10": -0.09729931424405062,
      "p50": -0.06815240266972022,
      "p90": 0.559202065038843,
      "p95": 0.7291439398180081,
      "count": 18
    },
    "no_overweight_50+": {
      "p10": -0.16422259828067265,
      "p50": -0.06572946516053957,
      "p90": 0.03802264612374512,
      "p95": 0.3924086462379815,
      "count": 10
    },
    "no_underweight_26-35": {
      "p10": -0.017056928233587954,
      "p50": -0.017056928233587954,
      "p90": -0.017056928233587954,
      "p95": -0.017056928233587954,
      "count": 1
    },
    "no_underweight_50+": {
      "p10": 0.019464301690364394,
      "p50": 0.019464301690364394,
      "p90": 0.019464301690364394,
      "p95": 0.019464301690364394,
      "count": 1
    },
    "yes_normal_18-25": {
      "p10": 0.588953725425025,
      "p50": 0.588953725425025,
      "p90": 0.588953725425025,
      "p95": 0.588953725425025,
      "count": 1
    },
    "yes_normal_26-35": {
      "p10": -0.09377798959167905,
      "p50": -0.050628466960489504,
      "p90": 0.05274628872752203,
      "p95": 0.06566813318852346,
      "count": 3
    },
    "yes_normal_36-50": {
      "p10": -0.05879127472008907,
      "p50": -0.04862470191816737,
      "p90": -0.04771287283600589,
      "p95": -0.04751879345586962,
      "count": 4
    },
    "yes_normal_50+": {
      "p10": -0.054075934416427884,
      "p50": -0.054075934416427884,
      "p90": -0.054075934416427884,
      "p95": -0.054075934416427884,
      "count": 1
    },
    "yes_obese_18-25": {
      "p10": 0.02089876308634793,
      "p50": 0.03765347523195217,
      "p90": 0.21235520981798112,
      "p95": 0.22839880253819475,
      "count": 7
    },
    "yes_obese_26-35": {
      "p10": -0.025573824781871934,
      "p50": 0.05100339780022267,
      "p90": 0.31436077331613427,
      "p95": 0.3204015532484895,
      "count": 5
    },
    "yes_obese_36-50": {
      "p10": -0.044128877651422725,
      "p50": -0.030579312267676073,
      "p90": 0.047444329128125094,
      "p95": 0.07722327963124737,
      "count": 7
    },
    "yes_obese_50+": {
      "p10": -0.037502507759947436,
      "p50": -0.023801878677062405,
      "p90": -0.008627822901311786,
      "p95": -0.003707105382883928,
      "count": 5
    },
    "yes_overweight_18-25": {
      "p10": -0.15980076356068693,
      "p50": -0.11384313646869515,
      "p90": -0.03884782112200397,
      "p95": -0.02446939588032892,
      "count": 5
    },
    "yes_overweight_26-35": {
      "p10": -0.031051006534656977,
      "p50": -0.031051006534656977,
      "p90": -0.031051006534656977,
      "p95": -0.031051006534656977,
      "count": 1
    },
    "yes_overweight_36-50": {
      "p10": -0.06663854360820487,
      "p50": -0.05694641285860591,
      "p90": -0.04725428210900695,
      "p95": -0.04604276576530708,
      "count": 2
    }
  },
  "global": {
    "p10": -0.21625236521352065,
    "p50": -0.06542976413849644,
    "p90": 0.43055195127046275,
    "p95": 0.8101023910294902
  },
  "method": "log_residual_buckets"
}