{
  "results": {
    "xgboost": {
      "mae": 2644.8059975705455,
      "mse": 19032683.750551123,
      "rmse": 4362.64641594424,
      "r2": 0.868663836234586
    },
    "lightgbm": {
      "mae": 2672.5281209095465,
      "mse": 17191647.27075885,
      "rmse": 4146.2811374482135,
      "r2": 0.8813680177245504
    },
    "catboost": {
      "mae": 1757.3627626535547,
      "mse": 12612894.198419882,
      "rmse": 3551.4636698718855,
      "r2": 0.9129639750383838
    },
    "uncertainty": "bucketed_residuals_v1"
  },
  "meta": {
    "num_rows": 1337,
    "num_features": {
      "numeric": 6,
      "categorical": 5
    },
    "train_shape": [
      935,
      13
    ],
    "val_shape": [
      201,
      13
    ],
    "test_shape": [
      201,
      13
    ]
  }
}