{
  "results": {
    "xgboost": {
      "rmse": 4362.64641594424,
      "r2": 0.868663836234586
    },
    "lightgbm": {
      "rmse": 4146.2811374482135,
      "r2": 0.8813680177245504
    },
    "catboost": {
      "rmse": 3423.1512052840694,
      "r2": 0.9191394927822314
    }
  },
  "meta": {
    "num_rows": 1337,
    "num_features": {
      "numeric": 6,
      "categorical": 5
    },
    "train_shape": [
      935,
      13
    ],
    "val_shape": [
      201,
      13
    ],
    "test_shape": [
      201,
      13
    ]
  }
}